{"cameraMode":{"drawMode":0,"name":"Shaded","section":"Shading Mode"},"sceneLighting":true,"audioPlay":false,"sceneViewState":{"showFog":true,"showMaterialUpdate":false,"showSkybox":true,"showFlares":true,"showImageEffects":true,"showParticleSystems":true},"in2DMode":false,"pivot":{"x":620.0919799804688,"y":452.2025451660156,"z":-450.85491943359377},"rotation":{"x":0.09014269709587097,"y":0.031362418085336688,"z":-0.002839153166860342,"w":0.9954395890235901},"size":81.728271484375,"orthographic":false}