{"cameraMode":{"drawMode":0,"name":"Shaded","section":"Shading Mode"},"sceneLighting":true,"audioPlay":false,"sceneViewState":{"showFog":true,"showMaterialUpdate":false,"showSkybox":true,"showFlares":true,"showImageEffects":true,"showParticleSystems":true},"in2DMode":false,"pivot":{"x":260.8000793457031,"y":129.76889038085938,"z":-278.07275390625},"rotation":{"x":0.048287998884916309,"y":0.010483049787580967,"z":-0.0005069137550890446,"w":0.9987788200378418},"size":81.728271484375,"orthographic":false}