{"cameraMode":{"drawMode":0,"name":"Shaded","section":"Shading Mode"},"sceneLighting":true,"audioPlay":false,"sceneViewState":{"showFog":true,"showMaterialUpdate":false,"showSkybox":true,"showFlares":true,"showImageEffects":true,"showParticleSystems":true},"in2DMode":false,"pivot":{"x":603.256103515625,"y":397.0189208984375,"z":-471.60205078125},"rotation":{"x":0.26839983463287356,"y":-0.02312088944017887,"z":0.0064448099583387379,"w":0.9630176424980164},"size":81.728271484375,"orthographic":false}